{
  "current": {
    "color_button": "#e73746",
    "color_body_bg": "#eed6d6",
    "type_header_font": "josefin_sans_n4",
    "type_base_font": "josefin_sans_n4",
    "social_twitter_link": "",
    "social_facebook_link": "",
    "social_instagram_link": "",
    "favicon": "shopify:\/\/shop_images\/Logo-removebg-preview.png",
    "currency_code_enabled": false,
    "sections": {
      "header": {
        "type": "header",
        "custom_css": [
          ".border-bottom {border-bottom: 0px solid var(--color-border);}",
          ".site-header__icons-wrapper {width: 76%;}",
          "div {}"
        ],
        "settings": {
          "align_logo": "center",
          "logo": "shopify:\/\/shop_images\/Logo.jpg",
          "logo_max_width": 140,
          "main_linklist": "main-menu",
          "message": true,
          "home_page_only": true,
          "message_text": "BUY NOW, PAY LATER WITH TABBY",
          "message_link": "",
          "color_bg": "#f9f1f1",
          "color_text": "#000000"
        }
      },
      "feature-row": {
        "type": "feature-row",
        "settings": {
          "layout": "left",
          "title": "Image with text",
          "text": "<p>Pair large text with an image to give focus to your chosen product, collection, or blog post. Add details on availability, style, or even provide a review.<\/p>",
          "button_label": "",
          "button_link": ""
        }
      },
      "feature-columns": {
        "type": "feature-columns",
        "blocks": {
          "feature-columns-0": {
            "type": "text_block",
            "settings": {
              "enable_image": true,
              "image": "shopify:\/\/shop_images\/13.png",
              "title": "Floral Glass Domes",
              "text": "<p>Allow our beautiful everlasting arrangements make a statement<\/p>",
              "button_label": "Shop Now",
              "button_link": "shopify:\/\/collections\/floral-glass-domes"
            }
          },
          "feature-columns-1": {
            "type": "text_block",
            "settings": {
              "enable_image": true,
              "image": "shopify:\/\/shop_images\/26.png",
              "title": "Floral Vase",
              "text": "<p>Our Petite Minis are the perfect addition to your desk, side table<\/p>",
              "button_label": "SHOP NOW",
              "button_link": "shopify:\/\/collections\/vase"
            }
          },
          "2b2777a7-b8a6-4b98-9bdf-895035e1addb": {
            "type": "text_block",
            "settings": {
              "enable_image": true,
              "image": "shopify:\/\/shop_images\/31.png",
              "title": "Wrapped Bouquets",
              "text": "<p>Trying to find the perfect gift? Create your own custom gift box <\/p>",
              "button_label": "Shop Now",
              "button_link": "shopify:\/\/collections\/wrapped-bouquets"
            }
          },
          "6cfb34b9-33d9-4bf2-acf4-d1b672fe4662": {
            "type": "text_block",
            "settings": {
              "enable_image": true,
              "image": "shopify:\/\/shop_images\/19.png",
              "title": "Frames",
              "text": "<p>Add a little floral goodness to your next party or event<\/p>",
              "button_label": "Shop Now",
              "button_link": "shopify:\/\/collections\/party"
            }
          }
        },
        "block_order": [
          "feature-columns-0",
          "feature-columns-1",
          "2b2777a7-b8a6-4b98-9bdf-895035e1addb",
          "6cfb34b9-33d9-4bf2-acf4-d1b672fe4662"
        ],
        "settings": {
          "title": "",
          "align_text": "left"
        }
      },
      "quotes": {
        "type": "quotes",
        "blocks": {
          "quotes-0": {
            "type": "quote",
            "settings": {
              "quote": "<p>I just heard from my Mum and she LOVED her arrangement! Thank you again, can't wait to buy more from you.<\/p>",
              "author": "Jessica, NSW"
            }
          },
          "quotes-1": {
            "type": "quote",
            "settings": {
              "quote": "<p>I was given one of your gorgeous blooms on Valentine's Day and just wanted to tell you how much I love it! I can't stop looking at them, they are just perfect. I think I am in trouble now that I know you exist.<\/p>",
              "author": "Britt, VIC"
            }
          },
          "quotes-2": {
            "type": "quote",
            "settings": {
              "quote": "<p>I have to tell you, the three bouquets I've bought from you are so amazing and such good quality. You are truly on top of the trade.<\/p>",
              "author": "Krystal, VIC"
            }
          },
          "7ff4fce6-74a1-4095-ad74-74e6b71ff69f": {
            "type": "quote",
            "settings": {
              "quote": "<p>I am so impressed by how great the gift box turned out. They look even better in person than the photos I see on your instagram. I actually squealed a little bit when my sister opened it because it looked sooo good haha<\/p>",
              "author": "Siobhan, VIC"
            }
          }
        },
        "block_order": [
          "quotes-0",
          "quotes-1",
          "quotes-2",
          "7ff4fce6-74a1-4095-ad74-74e6b71ff69f"
        ],
        "settings": {
          "title": "WHAT ARE OUR LOVELY CUSTOMERS SAYING?"
        }
      },
      "image-bar": {
        "type": "image-bar",
        "blocks": {
          "image-bar-0": {
            "type": "image",
            "settings": {
              "alignment": "center",
              "link": "",
              "cta_label": ""
            }
          },
          "image-bar-1": {
            "type": "image",
            "settings": {
              "alignment": "center",
              "link": "",
              "cta_label": ""
            }
          },
          "image-bar-2": {
            "type": "image",
            "settings": {
              "alignment": "center",
              "link": "",
              "cta_label": ""
            }
          }
        },
        "block_order": [
          "image-bar-0",
          "image-bar-1",
          "image-bar-2"
        ],
        "settings": {
          "section_height": "medium"
        }
      },
      "footer": {
        "type": "footer",
        "blocks": {
          "156f86b5-73c7-44d9-ad80-bc176b2d972f": {
            "type": "link_list",
            "settings": {
              "title": "Quick links",
              "menu": "footer"
            }
          },
          "e16db8d0-2152-4b36-997b-df23fd99d664": {
            "type": "newsletter",
            "settings": {
              "title": "Newsletter"
            }
          }
        },
        "block_order": [
          "156f86b5-73c7-44d9-ad80-bc176b2d972f",
          "e16db8d0-2152-4b36-997b-df23fd99d664"
        ],
        "settings": {
          "show_payment_icons": true,
          "color_footer_bg": "#f6f6f6",
          "color_footer_text": "#333232",
          "show_currency_selector": true,
          "show_locale_selector": true
        }
      },
      "collection-template": {
        "type": "collection-template",
        "settings": {
          "layout": "grid",
          "grid": 3,
          "rows": 2,
          "show_collection_image": true,
          "show_vendor": true,
          "sort_enable": true,
          "tags_enable": true
        }
      },
      "product-template": {
        "type": "product-template",
        "custom_css": [

        ],
        "settings": {
          "show_quantity_selector": false,
          "show_vendor": false,
          "enable_payment_button": true,
          "show_share_buttons": true,
          "media_size": "medium",
          "enable_image_zoom": false,
          "enable_video_looping": false
        }
      },
      "product-recommendations": {
        "type": "product-recommendations",
        "settings": {
          "show_product_recommendations": true,
          "heading": "You may also like",
          "show_vendor": false
        }
      },
      "cart-template": {
        "type": "cart-template",
        "settings": {
          "cart_ajax_enable": true,
          "cart_notes_enable": false
        }
      },
      "e00942e0-00e9-47e7-9ecf-810b18db164e": {
        "type": "feature-row",
        "custom_css": [
          ".h3 {font-size: 61px; font-weight: bolder;}"
        ],
        "settings": {
          "image": "shopify:\/\/shop_images\/Untitled_design.png",
          "layout": "left",
          "title": "Flowers that last forever",
          "text": "<p>Dried flowers are an excellent alternative to fresh flowers, they require little maintenance and add a charm to any room. <\/p>",
          "button_label": "Shop Now",
          "button_link": "shopify:\/\/collections\/all"
        }
      },
      "abc99729-9230-4747-a3af-539068e1ad29": {
        "type": "rich-text",
        "custom_css": [
          ".h3 {font-size: 40px; font-weight: bolder;}",
          ".index-section {padding-bottom: 0;}"
        ],
        "settings": {
          "full_width": false,
          "section_title": "Show someone you love",
          "text": "<p>Send beautiful dried flowers to express your everlasting love and make them feel cherished<\/p>",
          "text_size": "medium"
        }
      },
      "58d47ec1-062a-4e76-8d1b-f94e35df0c13": {
        "type": "collection",
        "custom_css": [
          "h2 {font-size: 40px; font-weight: bolder;}"
        ],
        "settings": {
          "title": "Our Bestsellers in 2023",
          "collection": "flowers",
          "grid": 4,
          "rows": 2,
          "show_vendor": false,
          "show_view_all": false
        }
      },
      "0b0b6356-32be-47d0-b85c-ade6aa2b14b6": {
        "type": "feature-new-row",
        "blocks": {
          "0b0b6356-32be-47d0-b85c-ade6aa2b14b6-1683813617bdda74f3-0": {
            "type": "quote",
            "settings": {
              "quote": "<h1><strong>About Home Blooms dried flower delivery<\/strong><\/h1><p>Hi, we’re Home Blooms. We don’t just send flowers. We send happiness, joy and love.<br\/>Our team takes every order to heart, ensuring that each delivery arrives on time with distinctive and carefully sourced flowers. <\/p>",
              "author": ""
            }
          },
          "0b0b6356-32be-47d0-b85c-ade6aa2b14b6-1683813617bdda74f3-1": {
            "type": "quote",
            "settings": {
              "quote": "<p><strong>More about our flower delivery service<br\/><\/strong><br\/>Buy flowers online<br\/>Flower delivery UAE<br\/>Flower delivery Dubai<br\/>Dried flowers<br\/>Roses bouquet<br\/>Eid Flowers<br\/>Birthday Flowers<br\/>Mother's Day Flowers<br\/>Sympathy Flowers<br\/>Thank You Flowers<br\/>Congratulations Flowers<\/p>",
              "author": "Author's name"
            }
          },
          "f747a5cd-a120-4b40-b930-b5046dc65ea0": {
            "type": "quote",
            "settings": {
              "quote": "<p><strong>More about our flower delivery service<br\/><\/strong><br\/>Buy flowers online<br\/>Flower delivery UAE<br\/>Flower delivery Dubai<br\/>Dried flowers<br\/>Roses bouquet<br\/>Eid Flowers<br\/>Birthday Flowers<br\/>Mother's Day Flowers<br\/>Sympathy Flowers<br\/>Thank You Flowers<br\/>Congratulations Flowers<\/p>",
              "author": "Author's name"
            }
          }
        },
        "block_order": [
          "0b0b6356-32be-47d0-b85c-ade6aa2b14b6-1683813617bdda74f3-0",
          "0b0b6356-32be-47d0-b85c-ade6aa2b14b6-1683813617bdda74f3-1",
          "f747a5cd-a120-4b40-b930-b5046dc65ea0"
        ],
        "settings": {
          "title": ""
        }
      },
      "13be81d8-486c-4adf-a36c-9a128818b82d": {
        "type": "featured-blog",
        "custom_css": [
          "h2 {font-size: 40px; font-weight: bolder;}"
        ],
        "settings": {
          "title": "What we are deeply passionate about",
          "blog": "my-blog",
          "post_limit": 3,
          "blog_show_author": false,
          "blog_show_date": true,
          "show_view_all": false
        }
      },
      "article-template": {
        "type": "article-template",
        "settings": {
          "blog_show_author": true,
          "blog_show_date": true,
          "show_share_buttons": true
        }
      },
      "blog-template": {
        "type": "blog-template",
        "settings": {
          "layout": "list",
          "blog_show_author": true,
          "blog_show_date": true
        }
      }
    },
    "content_for_index": [
      "e00942e0-00e9-47e7-9ecf-810b18db164e",
      "abc99729-9230-4747-a3af-539068e1ad29",
      "feature-columns",
      "58d47ec1-062a-4e76-8d1b-f94e35df0c13",
      "13be81d8-486c-4adf-a36c-9a128818b82d",
      "0b0b6356-32be-47d0-b85c-ade6aa2b14b6"
    ],
    "blocks": {
      "18228966181090706294": {
        "type": "shopify:\/\/apps\/upsell-cross-sell-selleasy\/blocks\/app-embed\/790c1a03-a71f-4bc1-9869-00dad526d3c2",
        "disabled": false,
        "settings": {
        }
      }
    }
  },
  "presets": {
    "Default": {
      "sections": {
        "header": {
          "type": "header",
          "settings": {
          }
        },
        "hero-1": {
          "type": "hero",
          "settings": {
            "hero_size": "large",
            "text_size": "large"
          }
        },
        "feature-row": {
          "type": "feature-row",
          "settings": {
          }
        },
        "feature-columns": {
          "type": "feature-columns",
          "blocks": {
            "feature-columns-0": {
              "type": "text_block",
              "settings": {
              }
            },
            "feature-columns-1": {
              "type": "text_block",
              "settings": {
              }
            },
            "feature-columns-2": {
              "type": "text_block",
              "settings": {
              }
            }
          },
          "block_order": [
            "feature-columns-0",
            "feature-columns-1",
            "feature-columns-2"
          ],
          "settings": {
            "title": ""
          }
        },
        "hero-2": {
          "type": "hero",
          "settings": {
            "text_size": "large"
          }
        },
        "quotes": {
          "type": "quotes",
          "blocks": {
            "quotes-0": {
              "type": "quote",
              "settings": {
              }
            },
            "quotes-1": {
              "type": "quote",
              "settings": {
              }
            },
            "quotes-2": {
              "type": "quote",
              "settings": {
              }
            }
          },
          "block_order": [
            "quotes-0",
            "quotes-1",
            "quotes-2"
          ],
          "settings": {
            "title": ""
          }
        },
        "image-bar": {
          "type": "image-bar",
          "blocks": {
            "image-bar-0": {
              "type": "image",
              "settings": {
              }
            },
            "image-bar-1": {
              "type": "image",
              "settings": {
              }
            },
            "image-bar-2": {
              "type": "image",
              "settings": {
              }
            }
          },
          "block_order": [
            "image-bar-0",
            "image-bar-1",
            "image-bar-2"
          ],
          "settings": {
          }
        }
      },
      "content_for_index": [
        "hero-1",
        "feature-row",
        "feature-columns",
        "hero-2",
        "quotes",
        "image-bar"
      ]
    },
    "Light": {
      "color_text": "#162950",
      "color_body_text": "#6d6d6d",
      "color_sale_text": "#DA2F0C",
      "color_borders": "#e4e4e4",
      "color_button": "#DA2F0C",
      "color_button_text": "#ffffff",
      "color_small_button_text_border": "#162950",
      "color_text_field": "#ffffff",
      "color_text_field_text": "#162950",
      "color_text_field_border": "#909090",
      "color_image_overlay_text": "#ffffff",
      "color_image_overlay": "#3d3d3d",
      "image_overlay_opacity": 40,
      "color_body_bg": "#f8f8f8",
      "type_header_font": "muli_n6",
      "type_header_base_size": 26,
      "type_base_font": "muli_n4",
      "type_base_size": 18,
      "share_facebook": true,
      "share_twitter": true,
      "share_pinterest": true,
      "social_twitter_link": "",
      "social_facebook_link": "",
      "social_pinterest_link": "",
      "social_instagram_link": "",
      "social_tumblr_link": "",
      "social_snapchat_link": "",
      "social_youtube_link": "",
      "social_vimeo_link": "",
      "favicon": "",
      "checkout_header_image": "",
      "checkout_logo_image": "",
      "checkout_logo_position": "left",
      "checkout_logo_size": "small",
      "checkout_body_background_image": "",
      "checkout_body_background_color": "#ffffff",
      "checkout_input_background_color_mode": "white",
      "checkout_sidebar_background_image": "",
      "checkout_sidebar_background_color": "#e8f3f6",
      "checkout_heading_font": "Roboto",
      "checkout_body_font": "Source Sans Pro",
      "checkout_accent_color": "#1990c6",
      "checkout_button_color": "#23314e",
      "checkout_error_color": "#ff6d6d",
      "sections": {
        "header": {
          "type": "header",
          "settings": {
            "align_logo": "left",
            "logo": "",
            "logo_max_width": 135,
            "main_linklist": "main-menu",
            "message": true,
            "color_bg": "#162950",
            "color_text": "#ffffff"
          }
        },
        "hero": {
          "type": "hero",
          "settings": {
            "alignment": "center",
            "hero_size": "x-large",
            "text_size": "large"
          }
        },
        "slideshow": {
          "type": "slideshow",
          "blocks": {
            "slideshow-0": {
              "type": "image",
              "settings": {
                "image": "",
                "alignment": "center center"
              }
            },
            "1492095993817": {
              "type": "image",
              "settings": {
                "image": "",
                "alignment": "center"
              }
            }
          },
          "block_order": [
            "slideshow-0",
            "1492095993817"
          ],
          "settings": {
            "slideshow_height": "medium",
            "text_size": "medium",
            "autorotate": false,
            "autorotate_speed": 5
          }
        },
        "1492033809691": {
          "type": "map",
          "settings": {
          }
        },
        "1492033877875": {
          "type": "quotes",
          "blocks": {
            "1492033877875-0": {
              "type": "quote",
              "settings": {
              }
            }
          },
          "block_order": [
            "1492033877875-0"
          ],
          "settings": {
          }
        },
        "1492033924902": {
          "type": "custom-content",
          "blocks": {
            "1492033924902-0": {
              "type": "text",
              "settings": {
                "width": "100%",
                "alignment": "center",
                "align_text": "center"
              }
            }
          },
          "block_order": [
            "1492033924902-0"
          ],
          "settings": {
            "title": ""
          }
        },
        "1492096252560": {
          "type": "collection-list",
          "blocks": {
            "1492096252560-0": {
              "type": "featured_collection",
              "settings": {
              }
            },
            "1492096252560-1": {
              "type": "featured_collection",
              "settings": {
              }
            },
            "1492096252560-2": {
              "type": "featured_collection",
              "settings": {
              }
            }
          },
          "block_order": [
            "1492096252560-0",
            "1492096252560-1",
            "1492096252560-2"
          ],
          "settings": {
            "grid": 3
          }
        },
        "blog-template": {
          "type": "blog-template",
          "settings": {
            "layout": "grid",
            "blog_show_author": true,
            "blog_show_date": false
          }
        },
        "article-template": {
          "type": "article-template",
          "settings": {
            "blog_show_author": true,
            "blog_show_date": true,
            "show_share_buttons": true
          }
        }
      },
      "content_for_index": [
        "hero",
        "slideshow",
        "1492033924902",
        "1492096252560",
        "1492033877875",
        "1492033809691"
      ]
    }
  }
}
